{"val_loss": [1.1355720846939088, 0.9578011748886108], "val_acc": [0.59708, 0.66012], "loss": [1.5244812617492676, 1.125141698036194], "acc": [0.477, 0.6063]}